address,status_code,status,issue_type,redirect_target,recommended_action
https://drive.google.com/file/d/17LpSFfD04wwv1nHCLklP3WyVXEQsDeB6/view,401,Unauthorized,client-error-outbound-link,,"Outbound link from FES content, now broken. Remove or replace the citation/link when migrating the page that references it — do not carry the dead link into the new site."
https://www.zavyworld.com/work/portotech,404,Not Found,client-error-outbound-link,,"Outbound link from FES content, now broken. Remove or replace the citation/link when migrating the page that references it — do not carry the dead link into the new site."
https://www.outsystems.com/,403,Forbidden,client-error-outbound-link,,"Outbound link from FES content, now broken. Remove or replace the citation/link when migrating the page that references it — do not carry the dead link into the new site."
https://gulbenkian.pt/en/initiatives/cohesion-and-social-integration-programme/tech-for-impact/,404,Not Found,client-error-outbound-link,,"Outbound link from FES content, now broken. Remove or replace the citation/link when migrating the page that references it — do not carry the dead link into the new site."
https://www.verywellmind.com/the-importance-of-hobbies-for-stress-relief-3144574,402,Payment Required,client-error-outbound-link,,"Outbound link from FES content, now broken. Remove or replace the citation/link when migrating the page that references it — do not carry the dead link into the new site."
https://www.eventbrite.com/e/websummit-2022-theventurebuilder-mission-registration-388168130327?aff=ebdssbdestsearch,404,Not Found,client-error-outbound-link,,"Outbound link from FES content, now broken. Remove or replace the citation/link when migrating the page that references it — do not carry the dead link into the new site."
https://www.aliados.consulting/portugues,403,Forbidden,client-error-outbound-link,,"Outbound link from FES content, now broken. Remove or replace the citation/link when migrating the page that references it — do not carry the dead link into the new site."
https://www.aliados.consulting/,403,Forbidden,client-error-outbound-link,,"Outbound link from FES content, now broken. Remove or replace the citation/link when migrating the page that references it — do not carry the dead link into the new site."
https://www.udacity.com/course/ep24,404,Not Found,client-error-outbound-link,,"Outbound link from FES content, now broken. Remove or replace the citation/link when migrating the page that references it — do not carry the dead link into the new site."
http://instagram.com/wearefesagency,301,Moved Permanently,redirect-chain-outbound-link,https://instagram.com/wearefesagency,"Outbound link from FES content that now redirects elsewhere (e.g. twitter.com -> x.com, trailing-slash/locale changes). Update the link to point directly at the final destination when migrating the page, to avoid carrying a stale hop."
https://unpkg.com/swiper/swiper-bundle.min.js,302,Found,redirect-chain-outbound-link,https://unpkg.com/swiper@14.0.6/swiper-bundle.min.js,"Outbound link from FES content that now redirects elsewhere (e.g. twitter.com -> x.com, trailing-slash/locale changes). Update the link to point directly at the final destination when migrating the page, to avoid carrying a stale hop."
https://goo.gl/maps/vX3maHkBnq6MHZXZA,302,Found,redirect-chain-outbound-link,"https://www.google.pt/maps/place/Founders+Founders+Porto+Oriental/@41.1539091,-8.5875985,19.3z/data=!3m1!5s0xd24648e8bc99a9f:0x483f8fd5fb678f87!4m5!3m4!1s0xd2465b412a4decf:0x1f178acccff49f53!8m2!3d41.1537099!4d-8.5875629?hl=pt-PT&shorturl=1","Outbound link from FES content that now redirects elsewhere (e.g. twitter.com -> x.com, trailing-slash/locale changes). Update the link to point directly at the final destination when migrating the page, to avoid carrying a stale hop."
https://unpkg.com/swiper/swiper-bundle.min.css,302,Found,redirect-chain-outbound-link,https://unpkg.com/swiper@14.0.6/swiper-bundle.min.css,"Outbound link from FES content that now redirects elsewhere (e.g. twitter.com -> x.com, trailing-slash/locale changes). Update the link to point directly at the final destination when migrating the page, to avoid carrying a stale hop."
https://support.microsoft.com/pt-pt/help/17442/windows-internet-explorer-delete-manage-cookies,301,Moved Permanently,redirect-chain-outbound-link,https://support.microsoft.com/pt-PT/topic/168dab11-0753-043d-7c16-ede5947fc64d,"Outbound link from FES content that now redirects elsewhere (e.g. twitter.com -> x.com, trailing-slash/locale changes). Update the link to point directly at the final destination when migrating the page, to avoid carrying a stale hop."
https://support.apple.com/pt-pt/HT201265,301,Moved Permanently,redirect-chain-outbound-link,https://support.apple.com/pt-pt/105082,"Outbound link from FES content that now redirects elsewhere (e.g. twitter.com -> x.com, trailing-slash/locale changes). Update the link to point directly at the final destination when migrating the page, to avoid carrying a stale hop."
https://anchorage.com/,301,Moved Permanently,redirect-chain-outbound-link,https://www.anchorage.com/,"Outbound link from FES content that now redirects elsewhere (e.g. twitter.com -> x.com, trailing-slash/locale changes). Update the link to point directly at the final destination when migrating the page, to avoid carrying a stale hop."
https://twitter.com/intent/tweet?url=https://fesagency.pt/en/resources/blog/fes-agency-sim-conference/,301,Moved Permanently,redirect-chain-outbound-link,https://x.com/intent/tweet?url=https://fesagency.pt/en/resources/blog/fes-agency-sim-conference/,"Outbound link from FES content that now redirects elsewhere (e.g. twitter.com -> x.com, trailing-slash/locale changes). Update the link to point directly at the final destination when migrating the page, to avoid carrying a stale hop."
https://twitter.com/intent/tweet?url=https://fesagency.pt/en/resources/blog/setof-swiss-army-knife-campaign/,301,Moved Permanently,redirect-chain-outbound-link,https://x.com/intent/tweet?url=https://fesagency.pt/en/resources/blog/setof-swiss-army-knife-campaign/,"Outbound link from FES content that now redirects elsewhere (e.g. twitter.com -> x.com, trailing-slash/locale changes). Update the link to point directly at the final destination when migrating the page, to avoid carrying a stale hop."
https://twitter.com/intent/tweet?url=https://fesagency.pt/en/resources/blog/venture-studios-subvisual-cronstudio/,301,Moved Permanently,redirect-chain-outbound-link,https://x.com/intent/tweet?url=https://fesagency.pt/en/resources/blog/venture-studios-subvisual-cronstudio/,"Outbound link from FES content that now redirects elsewhere (e.g. twitter.com -> x.com, trailing-slash/locale changes). Update the link to point directly at the final destination when migrating the page, to avoid carrying a stale hop."
https://twitter.com/intent/tweet?url=https://fesagency.pt/en/resources/playbooks/reddit-ads-playbook/,301,Moved Permanently,redirect-chain-outbound-link,https://x.com/intent/tweet?url=https://fesagency.pt/en/resources/playbooks/reddit-ads-playbook/,"Outbound link from FES content that now redirects elsewhere (e.g. twitter.com -> x.com, trailing-slash/locale changes). Update the link to point directly at the final destination when migrating the page, to avoid carrying a stale hop."
https://twitter.com/intent/tweet?url=https://fesagency.pt/en/resources/blog/long-term-partnerships-fes/,301,Moved Permanently,redirect-chain-outbound-link,https://x.com/intent/tweet?url=https://fesagency.pt/en/resources/blog/long-term-partnerships-fes/,"Outbound link from FES content that now redirects elsewhere (e.g. twitter.com -> x.com, trailing-slash/locale changes). Update the link to point directly at the final destination when migrating the page, to avoid carrying a stale hop."
https://twitter.com/intent/tweet?url=https://fesagency.pt/en/resources/blog/porto-tech-a-journey-were-proud-to-shape/,301,Moved Permanently,redirect-chain-outbound-link,https://x.com/intent/tweet?url=https://fesagency.pt/en/resources/blog/porto-tech-a-journey-were-proud-to-shape/,"Outbound link from FES content that now redirects elsewhere (e.g. twitter.com -> x.com, trailing-slash/locale changes). Update the link to point directly at the final destination when migrating the page, to avoid carrying a stale hop."
https://twitter.com/intent/tweet?url=https://fesagency.pt/en/resources/playbooks/digital-marketing-playbook/,301,Moved Permanently,redirect-chain-outbound-link,https://x.com/intent/tweet?url=https://fesagency.pt/en/resources/playbooks/digital-marketing-playbook/,"Outbound link from FES content that now redirects elsewhere (e.g. twitter.com -> x.com, trailing-slash/locale changes). Update the link to point directly at the final destination when migrating the page, to avoid carrying a stale hop."
https://twitter.com/intent/tweet?url=https://fesagency.pt/en/resources/playbooks/strategy-101-playbook/,301,Moved Permanently,redirect-chain-outbound-link,https://x.com/intent/tweet?url=https://fesagency.pt/en/resources/playbooks/strategy-101-playbook/,"Outbound link from FES content that now redirects elsewhere (e.g. twitter.com -> x.com, trailing-slash/locale changes). Update the link to point directly at the final destination when migrating the page, to avoid carrying a stale hop."
https://twitter.com/intent/tweet?url=https://fesagency.pt/en/resources/playbooks/social-media-metrics-101-playbook/,301,Moved Permanently,redirect-chain-outbound-link,https://x.com/intent/tweet?url=https://fesagency.pt/en/resources/playbooks/social-media-metrics-101-playbook/,"Outbound link from FES content that now redirects elsewhere (e.g. twitter.com -> x.com, trailing-slash/locale changes). Update the link to point directly at the final destination when migrating the page, to avoid carrying a stale hop."
https://twitter.com/intent/tweet?url=https://fesagency.pt/en/resources/playbooks/copywriting-101-playbook/,301,Moved Permanently,redirect-chain-outbound-link,https://x.com/intent/tweet?url=https://fesagency.pt/en/resources/playbooks/copywriting-101-playbook/,"Outbound link from FES content that now redirects elsewhere (e.g. twitter.com -> x.com, trailing-slash/locale changes). Update the link to point directly at the final destination when migrating the page, to avoid carrying a stale hop."
https://twitter.com/intent/tweet?url=https://fesagency.pt/en/resources/playbooks/offsites-as-a-representation-of-the-future-of-work-playbook/,301,Moved Permanently,redirect-chain-outbound-link,https://x.com/intent/tweet?url=https://fesagency.pt/en/resources/playbooks/offsites-as-a-representation-of-the-future-of-work-playbook/,"Outbound link from FES content that now redirects elsewhere (e.g. twitter.com -> x.com, trailing-slash/locale changes). Update the link to point directly at the final destination when migrating the page, to avoid carrying a stale hop."
https://www.youtube.com/channel/UCKeKFGJAZg58rvIbbpLk8fA/videos,302,Found,redirect-chain-outbound-link,https://consent.youtube.com/m?continue=https%3A%2F%2Fwww.youtube.com%2Fchannel%2FUCKeKFGJAZg58rvIbbpLk8fA%2Fvideos%3Fcbrd%3D1&gl=PT&m=0&pc=yt&cm=2&hl=pt-PT&src=1,"Outbound link from FES content that now redirects elsewhere (e.g. twitter.com -> x.com, trailing-slash/locale changes). Update the link to point directly at the final destination when migrating the page, to avoid carrying a stale hop."
https://twitter.com/intent/tweet?url=https://fesagency.pt/en/resources/blog/fes-agency-across-ecosystems-how-were-powering-startup-growth-in-porto-lisbon-and-braga/,301,Moved Permanently,redirect-chain-outbound-link,https://x.com/intent/tweet?url=https://fesagency.pt/en/resources/blog/fes-agency-across-ecosystems-how-were-powering-startup-growth-in-porto-lisbon-and-braga/,"Outbound link from FES content that now redirects elsewhere (e.g. twitter.com -> x.com, trailing-slash/locale changes). Update the link to point directly at the final destination when migrating the page, to avoid carrying a stale hop."
https://isssp.pt/isssp/si_main,301,Moved Permanently,redirect-chain-outbound-link,https://isssp.pt/,"Outbound link from FES content that now redirects elsewhere (e.g. twitter.com -> x.com, trailing-slash/locale changes). Update the link to point directly at the final destination when migrating the page, to avoid carrying a stale hop."
https://www.new-work.se/en/,301,Moved Permanently,redirect-chain-outbound-link,http://www.new-work.se/en,"Outbound link from FES content that now redirects elsewhere (e.g. twitter.com -> x.com, trailing-slash/locale changes). Update the link to point directly at the final destination when migrating the page, to avoid carrying a stale hop."
https://loqr.io/,301,Moved Permanently,redirect-chain-outbound-link,https://loqr.com/,"Outbound link from FES content that now redirects elsewhere (e.g. twitter.com -> x.com, trailing-slash/locale changes). Update the link to point directly at the final destination when migrating the page, to avoid carrying a stale hop."
https://infraspeak.com/pt-pt/,301,Moved Permanently,redirect-chain-outbound-link,https://infraspeak.com/pt-pt,"Outbound link from FES content that now redirects elsewhere (e.g. twitter.com -> x.com, trailing-slash/locale changes). Update the link to point directly at the final destination when migrating the page, to avoid carrying a stale hop."
https://www.apda.pt/pt/,302,Moved Temporarily,redirect-chain-outbound-link,https://www.apda.pt/404,"Outbound link from FES content that now redirects elsewhere (e.g. twitter.com -> x.com, trailing-slash/locale changes). Update the link to point directly at the final destination when migrating the page, to avoid carrying a stale hop."
https://twitter.com/intent/tweet?url=https://fesagency.pt/en/resources/blog/effective-pr-tactics-for-business-growth/,301,Moved Permanently,redirect-chain-outbound-link,https://x.com/intent/tweet?url=https://fesagency.pt/en/resources/blog/effective-pr-tactics-for-business-growth/,"Outbound link from FES content that now redirects elsewhere (e.g. twitter.com -> x.com, trailing-slash/locale changes). Update the link to point directly at the final destination when migrating the page, to avoid carrying a stale hop."
https://twitter.com/intent/tweet?url=https://fesagency.pt/en/resources/blog/how-to-communicate-to-attract-talent/,301,Moved Permanently,redirect-chain-outbound-link,https://x.com/intent/tweet?url=https://fesagency.pt/en/resources/blog/how-to-communicate-to-attract-talent/,"Outbound link from FES content that now redirects elsewhere (e.g. twitter.com -> x.com, trailing-slash/locale changes). Update the link to point directly at the final destination when migrating the page, to avoid carrying a stale hop."
https://twitter.com/intent/tweet?url=https://fesagency.pt/en/resources/playbooks/online-events-playbook/,301,Moved Permanently,redirect-chain-outbound-link,https://x.com/intent/tweet?url=https://fesagency.pt/en/resources/playbooks/online-events-playbook/,"Outbound link from FES content that now redirects elsewhere (e.g. twitter.com -> x.com, trailing-slash/locale changes). Update the link to point directly at the final destination when migrating the page, to avoid carrying a stale hop."
https://twitter.com/intent/tweet?url=https://fesagency.pt/en/resources/blog/tips-to-organize-an-offsite-meeting/,301,Moved Permanently,redirect-chain-outbound-link,https://x.com/intent/tweet?url=https://fesagency.pt/en/resources/blog/tips-to-organize-an-offsite-meeting/,"Outbound link from FES content that now redirects elsewhere (e.g. twitter.com -> x.com, trailing-slash/locale changes). Update the link to point directly at the final destination when migrating the page, to avoid carrying a stale hop."
https://twitter.com/intent/tweet?url=https://fesagency.pt/en/resources/blog/achieving-work-life-balance-10-essential-tips/,301,Moved Permanently,redirect-chain-outbound-link,https://x.com/intent/tweet?url=https://fesagency.pt/en/resources/blog/achieving-work-life-balance-10-essential-tips/,"Outbound link from FES content that now redirects elsewhere (e.g. twitter.com -> x.com, trailing-slash/locale changes). Update the link to point directly at the final destination when migrating the page, to avoid carrying a stale hop."
https://twitter.com/intent/tweet?url=https://fesagency.pt/en/resources/blog/wrap-up-2022/,301,Moved Permanently,redirect-chain-outbound-link,https://x.com/intent/tweet?url=https://fesagency.pt/en/resources/blog/wrap-up-2022/,"Outbound link from FES content that now redirects elsewhere (e.g. twitter.com -> x.com, trailing-slash/locale changes). Update the link to point directly at the final destination when migrating the page, to avoid carrying a stale hop."
https://eco.sapo.pt/opiniao/gestao-de-pessoas-100-remote-o-segredo-para-o-sucesso,301,Moved Permanently,redirect-chain-outbound-link,https://eco.sapo.pt/opiniao/gestao-de-pessoas-100-remote-o-segredo-para-o-sucesso/,"Outbound link from FES content that now redirects elsewhere (e.g. twitter.com -> x.com, trailing-slash/locale changes). Update the link to point directly at the final destination when migrating the page, to avoid carrying a stale hop."
https://twitter.com/intent/tweet?url=https://fesagency.pt/en/resources/blog/how-to-work-abroad-efficiently/,301,Moved Permanently,redirect-chain-outbound-link,https://x.com/intent/tweet?url=https://fesagency.pt/en/resources/blog/how-to-work-abroad-efficiently/,"Outbound link from FES content that now redirects elsewhere (e.g. twitter.com -> x.com, trailing-slash/locale changes). Update the link to point directly at the final destination when migrating the page, to avoid carrying a stale hop."
https://twitter.com/intent/tweet?url=https://fesagency.pt/en/resources/blog/10-tips-to-stay-productive/,301,Moved Permanently,redirect-chain-outbound-link,https://x.com/intent/tweet?url=https://fesagency.pt/en/resources/blog/10-tips-to-stay-productive/,"Outbound link from FES content that now redirects elsewhere (e.g. twitter.com -> x.com, trailing-slash/locale changes). Update the link to point directly at the final destination when migrating the page, to avoid carrying a stale hop."
https://twitter.com/intent/tweet?url=https://fesagency.pt/en/resources/blog/web-summit-everything-and-everyone-type-of-events/,301,Moved Permanently,redirect-chain-outbound-link,https://x.com/intent/tweet?url=https://fesagency.pt/en/resources/blog/web-summit-everything-and-everyone-type-of-events/,"Outbound link from FES content that now redirects elsewhere (e.g. twitter.com -> x.com, trailing-slash/locale changes). Update the link to point directly at the final destination when migrating the page, to avoid carrying a stale hop."
https://nomadlist.com/,301,Moved Permanently,redirect-chain-outbound-link,https://nomads.com/,"Outbound link from FES content that now redirects elsewhere (e.g. twitter.com -> x.com, trailing-slash/locale changes). Update the link to point directly at the final destination when migrating the page, to avoid carrying a stale hop."
https://twitter.com/intent/tweet?url=https://fesagency.pt/en/resources/playbooks/internal-comms-playbook/,301,Moved Permanently,redirect-chain-outbound-link,https://x.com/intent/tweet?url=https://fesagency.pt/en/resources/playbooks/internal-comms-playbook/,"Outbound link from FES content that now redirects elsewhere (e.g. twitter.com -> x.com, trailing-slash/locale changes). Update the link to point directly at the final destination when migrating the page, to avoid carrying a stale hop."
https://www.linkedin.com/in/lilianammpinho/,301,Moved Permanently,redirect-chain-outbound-link,https://www.linkedin.com/in/lilianammpinho,"Outbound link from FES content that now redirects elsewhere (e.g. twitter.com -> x.com, trailing-slash/locale changes). Update the link to point directly at the final destination when migrating the page, to avoid carrying a stale hop."
https://www.linkedin.com/in/rebecavenancio/,301,Moved Permanently,redirect-chain-outbound-link,https://www.linkedin.com/in/rebecavenancio,"Outbound link from FES content that now redirects elsewhere (e.g. twitter.com -> x.com, trailing-slash/locale changes). Update the link to point directly at the final destination when migrating the page, to avoid carrying a stale hop."
https://twitter.com/intent/tweet?url=https://fesagency.pt/en/resources/blog/conversas-sobre-comunicacao-podcast-highlights-to-retain-and-learn-from/,301,Moved Permanently,redirect-chain-outbound-link,https://x.com/intent/tweet?url=https://fesagency.pt/en/resources/blog/conversas-sobre-comunicacao-podcast-highlights-to-retain-and-learn-from/,"Outbound link from FES content that now redirects elsewhere (e.g. twitter.com -> x.com, trailing-slash/locale changes). Update the link to point directly at the final destination when migrating the page, to avoid carrying a stale hop."
https://www.linkedin.com/in/marianaaraujobarbosa/,301,Moved Permanently,redirect-chain-outbound-link,https://www.linkedin.com/in/marianaaraujobarbosa,"Outbound link from FES content that now redirects elsewhere (e.g. twitter.com -> x.com, trailing-slash/locale changes). Update the link to point directly at the final destination when migrating the page, to avoid carrying a stale hop."
https://www.linkedin.com/in/catarinapeyroteosalteiro/,301,Moved Permanently,redirect-chain-outbound-link,https://www.linkedin.com/in/catarinapeyroteosalteiro,"Outbound link from FES content that now redirects elsewhere (e.g. twitter.com -> x.com, trailing-slash/locale changes). Update the link to point directly at the final destination when migrating the page, to avoid carrying a stale hop."
https://twitter.com/intent/tweet?url=https://fesagency.pt/en/resources/blog/what-not-to-include-in-press-release/,301,Moved Permanently,redirect-chain-outbound-link,https://x.com/intent/tweet?url=https://fesagency.pt/en/resources/blog/what-not-to-include-in-press-release/,"Outbound link from FES content that now redirects elsewhere (e.g. twitter.com -> x.com, trailing-slash/locale changes). Update the link to point directly at the final destination when migrating the page, to avoid carrying a stale hop."
https://icpc2019.up.pt/,301,Moved Permanently,redirect-chain-outbound-link,https://www.up.pt/arquivoweb/icpc2019uppt/,"Outbound link from FES content that now redirects elsewhere (e.g. twitter.com -> x.com, trailing-slash/locale changes). Update the link to point directly at the final destination when migrating the page, to avoid carrying a stale hop."
https://twitter.com/intent/tweet?url=https://fesagency.pt/en/resources/blog/where-showcase-employer-brand-7-strategic-places/,301,Moved Permanently,redirect-chain-outbound-link,https://x.com/intent/tweet?url=https://fesagency.pt/en/resources/blog/where-showcase-employer-brand-7-strategic-places/,"Outbound link from FES content that now redirects elsewhere (e.g. twitter.com -> x.com, trailing-slash/locale changes). Update the link to point directly at the final destination when migrating the page, to avoid carrying a stale hop."
https://beunsettled.co/,302,Moved Temporarily,redirect-chain-outbound-link,https://travel.beunsettled.co/,"Outbound link from FES content that now redirects elsewhere (e.g. twitter.com -> x.com, trailing-slash/locale changes). Update the link to point directly at the final destination when migrating the page, to avoid carrying a stale hop."
https://twitter.com/intent/tweet?url=https://fesagency.pt/en/resources/blog/how-to-create-a-pr-strategy-based-on-podcasts/,301,Moved Permanently,redirect-chain-outbound-link,https://x.com/intent/tweet?url=https://fesagency.pt/en/resources/blog/how-to-create-a-pr-strategy-based-on-podcasts/,"Outbound link from FES content that now redirects elsewhere (e.g. twitter.com -> x.com, trailing-slash/locale changes). Update the link to point directly at the final destination when migrating the page, to avoid carrying a stale hop."
https://twitter.com/intent/tweet?url=https://fesagency.pt/en/resources/playbooks/press-playbook/,301,Moved Permanently,redirect-chain-outbound-link,https://x.com/intent/tweet?url=https://fesagency.pt/en/resources/playbooks/press-playbook/,"Outbound link from FES content that now redirects elsewhere (e.g. twitter.com -> x.com, trailing-slash/locale changes). Update the link to point directly at the final destination when migrating the page, to avoid carrying a stale hop."
https://www.itsector.pt/,301,Moved Permanently,redirect-chain-outbound-link,https://itsector.com/en/,"Outbound link from FES content that now redirects elsewhere (e.g. twitter.com -> x.com, trailing-slash/locale changes). Update the link to point directly at the final destination when migrating the page, to avoid carrying a stale hop."
https://twitter.com/intent/tweet?url=https://fesagency.pt/en/resources/blog/web-summit-pitch-demo-focused-events/,301,Moved Permanently,redirect-chain-outbound-link,https://x.com/intent/tweet?url=https://fesagency.pt/en/resources/blog/web-summit-pitch-demo-focused-events/,"Outbound link from FES content that now redirects elsewhere (e.g. twitter.com -> x.com, trailing-slash/locale changes). Update the link to point directly at the final destination when migrating the page, to avoid carrying a stale hop."
https://twitter.com/intent/tweet?url=https://fesagency.pt/en/resources/blog/top-5-tech-events-not-to-miss-in-portugal/,301,Moved Permanently,redirect-chain-outbound-link,https://x.com/intent/tweet?url=https://fesagency.pt/en/resources/blog/top-5-tech-events-not-to-miss-in-portugal/,"Outbound link from FES content that now redirects elsewhere (e.g. twitter.com -> x.com, trailing-slash/locale changes). Update the link to point directly at the final destination when migrating the page, to avoid carrying a stale hop."
https://www.eventbrite.com/e/demo-night-lx-by-canopy-community-and-falmouth-launchpad-tickets-416613852247,301,Moved Permanently,redirect-chain-outbound-link,https://www.eventbrite.co.uk/e/demo-night-lx-by-canopy-community-and-falmouth-launchpad-tickets-416613852247,"Outbound link from FES content that now redirects elsewhere (e.g. twitter.com -> x.com, trailing-slash/locale changes). Update the link to point directly at the final destination when migrating the page, to avoid carrying a stale hop."
https://techmeetups.com/event/lisbon-tech-job-fair-2020-by-techmeetups/,301,Moved Permanently,redirect-chain-outbound-link,https://techmeetups.com/event/lisbon-tech-job-fair-2022-by-techmeetups/,"Outbound link from FES content that now redirects elsewhere (e.g. twitter.com -> x.com, trailing-slash/locale changes). Update the link to point directly at the final destination when migrating the page, to avoid carrying a stale hop."
https://twitter.com/intent/tweet?url=https://fesagency.pt/en/resources/blog/digitalization-and-globalization-arrived-to-change-things-up/,301,Moved Permanently,redirect-chain-outbound-link,https://x.com/intent/tweet?url=https://fesagency.pt/en/resources/blog/digitalization-and-globalization-arrived-to-change-things-up/,"Outbound link from FES content that now redirects elsewhere (e.g. twitter.com -> x.com, trailing-slash/locale changes). Update the link to point directly at the final destination when migrating the page, to avoid carrying a stale hop."
https://www.weforum.org/agenda/2020/10/top-10-work-skills-of-%20tomorrow-how-long-it-takes-to-learn-them/,301,Moved Permanently,redirect-chain-outbound-link,http://www.weforum.org/stories/all/top-10-work-skills-of-%20tomorrow-how-long-it-takes-to-learn-them/,"Outbound link from FES content that now redirects elsewhere (e.g. twitter.com -> x.com, trailing-slash/locale changes). Update the link to point directly at the final destination when migrating the page, to avoid carrying a stale hop."
https://portugaltechhub-softlanding-summit.eventbrite.pt/,307,TEMPORARY REDIRECT,redirect-chain-outbound-link,https://www.eventbrite.pt/e/portugal-tech-hub-softlanding-summit-tickets-445311136597?aff=oddtdtcreator,"Outbound link from FES content that now redirects elsewhere (e.g. twitter.com -> x.com, trailing-slash/locale changes). Update the link to point directly at the final destination when migrating the page, to avoid carrying a stale hop."
https://qspsummit.pt/pt,301,Moved Permanently,redirect-chain-outbound-link,https://qspsummit.pt/pt/pagina-inicial/,"Outbound link from FES content that now redirects elsewhere (e.g. twitter.com -> x.com, trailing-slash/locale changes). Update the link to point directly at the final destination when migrating the page, to avoid carrying a stale hop."
https://www.eventbrite.com/e/alberta-investment-forum-at-web-summit-2022-tickets-428162524637,301,Moved Permanently,redirect-chain-outbound-link,https://www.eventbrite.ca/e/alberta-investment-forum-at-web-summit-2022-tickets-428162524637,"Outbound link from FES content that now redirects elsewhere (e.g. twitter.com -> x.com, trailing-slash/locale changes). Update the link to point directly at the final destination when migrating the page, to avoid carrying a stale hop."
https://twitter.com/intent/tweet?url=https://fesagency.pt/en/resources/blog/web-summit-everything-about-innovation-investors-and-investment-events/,301,Moved Permanently,redirect-chain-outbound-link,https://x.com/intent/tweet?url=https://fesagency.pt/en/resources/blog/web-summit-everything-about-innovation-investors-and-investment-events/,"Outbound link from FES content that now redirects elsewhere (e.g. twitter.com -> x.com, trailing-slash/locale changes). Update the link to point directly at the final destination when migrating the page, to avoid carrying a stale hop."
https://twitter.com/intent/tweet?url=https://fesagency.pt/en/resources/playbooks/the-future-of-work-playbook/,301,Moved Permanently,redirect-chain-outbound-link,https://x.com/intent/tweet?url=https://fesagency.pt/en/resources/playbooks/the-future-of-work-playbook/,"Outbound link from FES content that now redirects elsewhere (e.g. twitter.com -> x.com, trailing-slash/locale changes). Update the link to point directly at the final destination when migrating the page, to avoid carrying a stale hop."
https://twitter.com/intent/tweet?url=https://fesagency.pt/en/resources/blog/reasons-why-startups-need-pr/,301,Moved Permanently,redirect-chain-outbound-link,https://x.com/intent/tweet?url=https://fesagency.pt/en/resources/blog/reasons-why-startups-need-pr/,"Outbound link from FES content that now redirects elsewhere (e.g. twitter.com -> x.com, trailing-slash/locale changes). Update the link to point directly at the final destination when migrating the page, to avoid carrying a stale hop."
https://twitter.com/intent/tweet?url=https://fesagency.pt/en/resources/blog/2023-a-challenging-year-the-turning-point/,301,Moved Permanently,redirect-chain-outbound-link,https://x.com/intent/tweet?url=https://fesagency.pt/en/resources/blog/2023-a-challenging-year-the-turning-point/,"Outbound link from FES content that now redirects elsewhere (e.g. twitter.com -> x.com, trailing-slash/locale changes). Update the link to point directly at the final destination when migrating the page, to avoid carrying a stale hop."
https://twitter.com/intent/tweet?url=https://fesagency.pt/en/resources/playbooks/community-playbook/,301,Moved Permanently,redirect-chain-outbound-link,https://x.com/intent/tweet?url=https://fesagency.pt/en/resources/playbooks/community-playbook/,"Outbound link from FES content that now redirects elsewhere (e.g. twitter.com -> x.com, trailing-slash/locale changes). Update the link to point directly at the final destination when migrating the page, to avoid carrying a stale hop."
https://www.meetup.com/theblock/events/288815979,308,Moved Permanently,redirect-chain-outbound-link,https://www.meetup.com/theblock/events/288815979/,"Outbound link from FES content that now redirects elsewhere (e.g. twitter.com -> x.com, trailing-slash/locale changes). Update the link to point directly at the final destination when migrating the page, to avoid carrying a stale hop."
https://twitter.com/intent/tweet?url=https://fesagency.pt/en/resources/blog/web-summit-crypto-and-blockchain-focused-events/,301,Moved Permanently,redirect-chain-outbound-link,https://x.com/intent/tweet?url=https://fesagency.pt/en/resources/blog/web-summit-crypto-and-blockchain-focused-events/,"Outbound link from FES content that now redirects elsewhere (e.g. twitter.com -> x.com, trailing-slash/locale changes). Update the link to point directly at the final destination when migrating the page, to avoid carrying a stale hop."
https://twitter.com/intent/tweet?url=https://fesagency.pt/en/resources/blog/8-tips-about-communities/,301,Moved Permanently,redirect-chain-outbound-link,https://x.com/intent/tweet?url=https://fesagency.pt/en/resources/blog/8-tips-about-communities/,"Outbound link from FES content that now redirects elsewhere (e.g. twitter.com -> x.com, trailing-slash/locale changes). Update the link to point directly at the final destination when migrating the page, to avoid carrying a stale hop."
https://www.eventbrite.com/e/algorand-at-eth-lisbon-tickets-439239195257,301,Moved Permanently,redirect-chain-outbound-link,https://www.eventbrite.sg/e/algorand-lisbon-tickets-439239195257,"Outbound link from FES content that now redirects elsewhere (e.g. twitter.com -> x.com, trailing-slash/locale changes). Update the link to point directly at the final destination when migrating the page, to avoid carrying a stale hop."
https://twitter.com/intent/tweet?url=https://fesagency.pt/en/resources/blog/how-to-create-a-digital-event-step-by-step/,301,Moved Permanently,redirect-chain-outbound-link,https://x.com/intent/tweet?url=https://fesagency.pt/en/resources/blog/how-to-create-a-digital-event-step-by-step/,"Outbound link from FES content that now redirects elsewhere (e.g. twitter.com -> x.com, trailing-slash/locale changes). Update the link to point directly at the final destination when migrating the page, to avoid carrying a stale hop."
https://www.eventbrite.com/e/polkadot-booth-at-the-web-summit-2022-tickets-445211157557,301,Moved Permanently,redirect-chain-outbound-link,https://www.eventbrite.com/e/polkadot-brings-the-future-of-web3-to-web-summit-2022-tickets-445211157557,"Outbound link from FES content that now redirects elsewhere (e.g. twitter.com -> x.com, trailing-slash/locale changes). Update the link to point directly at the final destination when migrating the page, to avoid carrying a stale hop."
https://twitter.com/intent/tweet?url=https://fesagency.pt/en/resources/blog/web-summit-awards-celebration-focused-events/,301,Moved Permanently,redirect-chain-outbound-link,https://x.com/intent/tweet?url=https://fesagency.pt/en/resources/blog/web-summit-awards-celebration-focused-events/,"Outbound link from FES content that now redirects elsewhere (e.g. twitter.com -> x.com, trailing-slash/locale changes). Update the link to point directly at the final destination when migrating the page, to avoid carrying a stale hop."
https://twitter.com/intent/tweet?url=https://fesagency.pt/en/resources/blog/4-month-challenge-a-final-round-of-inspiration/,301,Moved Permanently,redirect-chain-outbound-link,https://x.com/intent/tweet?url=https://fesagency.pt/en/resources/blog/4-month-challenge-a-final-round-of-inspiration/,"Outbound link from FES content that now redirects elsewhere (e.g. twitter.com -> x.com, trailing-slash/locale changes). Update the link to point directly at the final destination when migrating the page, to avoid carrying a stale hop."
https://twitter.com/intent/tweet?url=https://fesagency.pt/en/resources/blog/month-4-are-you-ready-to-pitch-and-the-ins-and-outs-of-raising-money/,301,Moved Permanently,redirect-chain-outbound-link,https://x.com/intent/tweet?url=https://fesagency.pt/en/resources/blog/month-4-are-you-ready-to-pitch-and-the-ins-and-outs-of-raising-money/,"Outbound link from FES content that now redirects elsewhere (e.g. twitter.com -> x.com, trailing-slash/locale changes). Update the link to point directly at the final destination when migrating the page, to avoid carrying a stale hop."
https://hypelabs.io/,301,Moved Permanently,redirect-chain-outbound-link,https://uplink.xyz/,"Outbound link from FES content that now redirects elsewhere (e.g. twitter.com -> x.com, trailing-slash/locale changes). Update the link to point directly at the final destination when migrating the page, to avoid carrying a stale hop."
https://twitter.com/intent/tweet?url=https://fesagency.pt/en/resources/blog/inclusion-and-participation/,301,Moved Permanently,redirect-chain-outbound-link,https://x.com/intent/tweet?url=https://fesagency.pt/en/resources/blog/inclusion-and-participation/,"Outbound link from FES content that now redirects elsewhere (e.g. twitter.com -> x.com, trailing-slash/locale changes). Update the link to point directly at the final destination when migrating the page, to avoid carrying a stale hop."
https://www.eventbrite.com/e/registo-certificacao-project-thinking-essentials-lisboa-portugal-385811511617,301,Moved Permanently,redirect-chain-outbound-link,https://www.eventbrite.pt/e/registo-certificacao-project-thinking-essentials-lisboa-portugal-385811511617,"Outbound link from FES content that now redirects elsewhere (e.g. twitter.com -> x.com, trailing-slash/locale changes). Update the link to point directly at the final destination when migrating the page, to avoid carrying a stale hop."
https://www.eventbrite.com/e/binance-academy-x-iseg-tickets-445324947907,301,Moved Permanently,redirect-chain-outbound-link,https://www.eventbrite.co.uk/e/binance-academy-x-iseg-tickets-445324947907,"Outbound link from FES content that now redirects elsewhere (e.g. twitter.com -> x.com, trailing-slash/locale changes). Update the link to point directly at the final destination when migrating the page, to avoid carrying a stale hop."
https://www.meetup.com/theblock/events/288846776,308,Moved Permanently,redirect-chain-outbound-link,https://www.meetup.com/theblock/events/288846776/,"Outbound link from FES content that now redirects elsewhere (e.g. twitter.com -> x.com, trailing-slash/locale changes). Update the link to point directly at the final destination when migrating the page, to avoid carrying a stale hop."
https://twitter.com/intent/tweet?url=https://fesagency.pt/en/resources/blog/web-summit-learning-events/,301,Moved Permanently,redirect-chain-outbound-link,https://x.com/intent/tweet?url=https://fesagency.pt/en/resources/blog/web-summit-learning-events/,"Outbound link from FES content that now redirects elsewhere (e.g. twitter.com -> x.com, trailing-slash/locale changes). Update the link to point directly at the final destination when migrating the page, to avoid carrying a stale hop."
https://www.eventbrite.com/e/binance-academy-x-ist-lisbon-tickets-441765170517,301,Moved Permanently,redirect-chain-outbound-link,https://www.eventbrite.co.uk/e/binance-academy-x-ist-lisbon-tickets-441765170517,"Outbound link from FES content that now redirects elsewhere (e.g. twitter.com -> x.com, trailing-slash/locale changes). Update the link to point directly at the final destination when migrating the page, to avoid carrying a stale hop."
https://www.eventbrite.com/e/binance-academy-x-nova-sbe-tickets-437273706427,301,Moved Permanently,redirect-chain-outbound-link,https://www.eventbrite.co.uk/e/binance-academy-x-nova-sbe-tickets-437273706427,"Outbound link from FES content that now redirects elsewhere (e.g. twitter.com -> x.com, trailing-slash/locale changes). Update the link to point directly at the final destination when migrating the page, to avoid carrying a stale hop."
https://twitter.com/intent/tweet?url=https://fesagency.pt/en/resources/blog/how-to-attract-talent-2-important-strategies-to-know/,301,Moved Permanently,redirect-chain-outbound-link,https://x.com/intent/tweet?url=https://fesagency.pt/en/resources/blog/how-to-attract-talent-2-important-strategies-to-know/,"Outbound link from FES content that now redirects elsewhere (e.g. twitter.com -> x.com, trailing-slash/locale changes). Update the link to point directly at the final destination when migrating the page, to avoid carrying a stale hop."
https://www.meetup.com/entrepreneurs-by-shuffll/events/288774015/,301,Moved Permanently,redirect-chain-outbound-link,https://www.meetup.com/458e615f-3aa6-40d1-bc45-4a373d1a6e3c/events/288774015/,"Outbound link from FES content that now redirects elsewhere (e.g. twitter.com -> x.com, trailing-slash/locale changes). Update the link to point directly at the final destination when migrating the page, to avoid carrying a stale hop."
https://twitter.com/intent/tweet?url=https://fesagency.pt/en/resources/blog/web-summit-networking-events/,301,Moved Permanently,redirect-chain-outbound-link,https://x.com/intent/tweet?url=https://fesagency.pt/en/resources/blog/web-summit-networking-events/,"Outbound link from FES content that now redirects elsewhere (e.g. twitter.com -> x.com, trailing-slash/locale changes). Update the link to point directly at the final destination when migrating the page, to avoid carrying a stale hop."
https://twitter.com/intent/tweet?url=https://fesagency.pt/en/resources/blog/exciting-discoveries-at-the-future-of-work-startup-showcase-in-web-summit-2023/,301,Moved Permanently,redirect-chain-outbound-link,https://x.com/intent/tweet?url=https://fesagency.pt/en/resources/blog/exciting-discoveries-at-the-future-of-work-startup-showcase-in-web-summit-2023/,"Outbound link from FES content that now redirects elsewhere (e.g. twitter.com -> x.com, trailing-slash/locale changes). Update the link to point directly at the final destination when migrating the page, to avoid carrying a stale hop."
https://lu.ma/discodenites,301,Moved Permanently,redirect-chain-outbound-link,https://luma.com/discodenites,"Outbound link from FES content that now redirects elsewhere (e.g. twitter.com -> x.com, trailing-slash/locale changes). Update the link to point directly at the final destination when migrating the page, to avoid carrying a stale hop."
https://twitter.com/intent/tweet?url=https://fesagency.pt/en/resources/blog/navigating-the-tomorrow-our-team-insights-from-web-summit-2023/,301,Moved Permanently,redirect-chain-outbound-link,https://x.com/intent/tweet?url=https://fesagency.pt/en/resources/blog/navigating-the-tomorrow-our-team-insights-from-web-summit-2023/,"Outbound link from FES content that now redirects elsewhere (e.g. twitter.com -> x.com, trailing-slash/locale changes). Update the link to point directly at the final destination when migrating the page, to avoid carrying a stale hop."
https://twitter.com/intent/tweet?url=https://fesagency.pt/en/resources/blog/web-summit-party-drinks-events/,301,Moved Permanently,redirect-chain-outbound-link,https://x.com/intent/tweet?url=https://fesagency.pt/en/resources/blog/web-summit-party-drinks-events/,"Outbound link from FES content that now redirects elsewhere (e.g. twitter.com -> x.com, trailing-slash/locale changes). Update the link to point directly at the final destination when migrating the page, to avoid carrying a stale hop."
https://www.eventbrite.pt/e/austrian-night-austriansweb-summit-2022-tickets-428007169967,301,Moved Permanently,redirect-chain-outbound-link,https://www.eventbrite.at/e/austria-night-websummit-2022-reveals-bold-community-tickets-428007169967,"Outbound link from FES content that now redirects elsewhere (e.g. twitter.com -> x.com, trailing-slash/locale changes). Update the link to point directly at the final destination when migrating the page, to avoid carrying a stale hop."
https://www.eventbrite.pt/e/best-after-party-for-startup-founders-at-websummit-2022-tickets-430398652957,301,Moved Permanently,redirect-chain-outbound-link,https://www.eventbrite.ca/e/best-after-party-for-startup-founders-at-websummit-2022-tickets-430398652957,"Outbound link from FES content that now redirects elsewhere (e.g. twitter.com -> x.com, trailing-slash/locale changes). Update the link to point directly at the final destination when migrating the page, to avoid carrying a stale hop."
https://twitter.com/intent/tweet?url=https://fesagency.pt/en/resources/blog/3-green-challenges-for-companies/,301,Moved Permanently,redirect-chain-outbound-link,https://x.com/intent/tweet?url=https://fesagency.pt/en/resources/blog/3-green-challenges-for-companies/,"Outbound link from FES content that now redirects elsewhere (e.g. twitter.com -> x.com, trailing-slash/locale changes). Update the link to point directly at the final destination when migrating the page, to avoid carrying a stale hop."
https://twitter.com/intent/tweet?url=https://fesagency.pt/en/resources/blog/automation-in-2022/,301,Moved Permanently,redirect-chain-outbound-link,https://x.com/intent/tweet?url=https://fesagency.pt/en/resources/blog/automation-in-2022/,"Outbound link from FES content that now redirects elsewhere (e.g. twitter.com -> x.com, trailing-slash/locale changes). Update the link to point directly at the final destination when migrating the page, to avoid carrying a stale hop."
https://rows.com/,302,Found,redirect-chain-outbound-link,https://rows.com/product,"Outbound link from FES content that now redirects elsewhere (e.g. twitter.com -> x.com, trailing-slash/locale changes). Update the link to point directly at the final destination when migrating the page, to avoid carrying a stale hop."
https://lu.ma/h7kl5e1t,301,Moved Permanently,redirect-chain-outbound-link,https://luma.com/h7kl5e1t,"Outbound link from FES content that now redirects elsewhere (e.g. twitter.com -> x.com, trailing-slash/locale changes). Update the link to point directly at the final destination when migrating the page, to avoid carrying a stale hop."
https://twitter.com/intent/tweet?url=https://fesagency.pt/en/resources/blog/web-summit-women-focused-events/,301,Moved Permanently,redirect-chain-outbound-link,https://x.com/intent/tweet?url=https://fesagency.pt/en/resources/blog/web-summit-women-focused-events/,"Outbound link from FES content that now redirects elsewhere (e.g. twitter.com -> x.com, trailing-slash/locale changes). Update the link to point directly at the final destination when migrating the page, to avoid carrying a stale hop."
https://www.eventbrite.de/e/web-summit-women-in-tech-networking-evening-tickets-439012938517,301,Moved Permanently,redirect-chain-outbound-link,https://www.eventbrite.com/e/web-summit-women-in-tech-networking-evening-tickets-439012938517,"Outbound link from FES content that now redirects elsewhere (e.g. twitter.com -> x.com, trailing-slash/locale changes). Update the link to point directly at the final destination when migrating the page, to avoid carrying a stale hop."
https://twitter.com/intent/tweet?url=https://fesagency.pt/en/resources/blog/month-3-building-an-mvp-and-getting-to-know-the-big-elephant-in-the-room/,301,Moved Permanently,redirect-chain-outbound-link,https://x.com/intent/tweet?url=https://fesagency.pt/en/resources/blog/month-3-building-an-mvp-and-getting-to-know-the-big-elephant-in-the-room/,"Outbound link from FES content that now redirects elsewhere (e.g. twitter.com -> x.com, trailing-slash/locale changes). Update the link to point directly at the final destination when migrating the page, to avoid carrying a stale hop."
https://blog.bufferapp.com/idea-to-paying-customers-in-7-weeks-how-we-did-it,302,Found,redirect-chain-outbound-link,https://buffer.com/resources/idea-to-paying-customers-in-7-weeks-how-we-did-it,"Outbound link from FES content that now redirects elsewhere (e.g. twitter.com -> x.com, trailing-slash/locale changes). Update the link to point directly at the final destination when migrating the page, to avoid carrying a stale hop."
https://twitter.com/intent/tweet?url=https://fesagency.pt/en/resources/blog/month-2-interviews-and-recap/,301,Moved Permanently,redirect-chain-outbound-link,https://x.com/intent/tweet?url=https://fesagency.pt/en/resources/blog/month-2-interviews-and-recap/,"Outbound link from FES content that now redirects elsewhere (e.g. twitter.com -> x.com, trailing-slash/locale changes). Update the link to point directly at the final destination when migrating the page, to avoid carrying a stale hop."
http://pt.slideshare.net/robfitz/how-to-actually-do-customer-development-and-not-waste-your-time,301,Moved Permanently,redirect-chain-outbound-link,https://pt.slideshare.net/robfitz/how-to-actually-do-customer-development-and-not-waste-your-time,"Outbound link from FES content that now redirects elsewhere (e.g. twitter.com -> x.com, trailing-slash/locale changes). Update the link to point directly at the final destination when migrating the page, to avoid carrying a stale hop."
https://www.udacity.com/course/ep245,301,Moved Permanently,redirect-chain-outbound-link,https://www.udacity.com/course/how-to-build-a-startup--ep245,"Outbound link from FES content that now redirects elsewhere (e.g. twitter.com -> x.com, trailing-slash/locale changes). Update the link to point directly at the final destination when migrating the page, to avoid carrying a stale hop."
https://twitter.com/intent/tweet?url=https://fesagency.pt/en/resources/blog/web-summit-open-house-kind-of-events/,301,Moved Permanently,redirect-chain-outbound-link,https://x.com/intent/tweet?url=https://fesagency.pt/en/resources/blog/web-summit-open-house-kind-of-events/,"Outbound link from FES content that now redirects elsewhere (e.g. twitter.com -> x.com, trailing-slash/locale changes). Update the link to point directly at the final destination when migrating the page, to avoid carrying a stale hop."
https://twitter.com/intent/tweet?url=https://fesagency.pt/en/resources/blog/why-portugal-is-the-best-place-for-your-offsite-retreat/,301,Moved Permanently,redirect-chain-outbound-link,https://x.com/intent/tweet?url=https://fesagency.pt/en/resources/blog/why-portugal-is-the-best-place-for-your-offsite-retreat/,"Outbound link from FES content that now redirects elsewhere (e.g. twitter.com -> x.com, trailing-slash/locale changes). Update the link to point directly at the final destination when migrating the page, to avoid carrying a stale hop."
https://www.strategyzer.com/canvas/business-model-canvas,301,Moved Permanently,redirect-chain-outbound-link,https://www.strategyzer.com/library/business-model-canvas,"Outbound link from FES content that now redirects elsewhere (e.g. twitter.com -> x.com, trailing-slash/locale changes). Update the link to point directly at the final destination when migrating the page, to avoid carrying a stale hop."
https://twitter.com/intent/tweet?url=https://fesagency.pt/en/resources/blog/fes-agency-services-through-the-magnifier/,301,Moved Permanently,redirect-chain-outbound-link,https://x.com/intent/tweet?url=https://fesagency.pt/en/resources/blog/fes-agency-services-through-the-magnifier/,"Outbound link from FES content that now redirects elsewhere (e.g. twitter.com -> x.com, trailing-slash/locale changes). Update the link to point directly at the final destination when migrating the page, to avoid carrying a stale hop."
https://twitter.com/intent/tweet?url=https://fesagency.pt/en/resources/blog/month-1-entrepreneurship-101-and-new-ideas/,301,Moved Permanently,redirect-chain-outbound-link,https://x.com/intent/tweet?url=https://fesagency.pt/en/resources/blog/month-1-entrepreneurship-101-and-new-ideas/,"Outbound link from FES content that now redirects elsewhere (e.g. twitter.com -> x.com, trailing-slash/locale changes). Update the link to point directly at the final destination when migrating the page, to avoid carrying a stale hop."
https://twitter.com/intent/tweet?url=https://fesagency.pt/en/resources/blog/9-market-trends-for-2022/,301,Moved Permanently,redirect-chain-outbound-link,https://x.com/intent/tweet?url=https://fesagency.pt/en/resources/blog/9-market-trends-for-2022/,"Outbound link from FES content that now redirects elsewhere (e.g. twitter.com -> x.com, trailing-slash/locale changes). Update the link to point directly at the final destination when migrating the page, to avoid carrying a stale hop."
